Android开发工程师,849
Android高级开发工程师,73
Android工程师,41
Android 开发工程师,25
高级Android开发工程师,25
Android软件工程师,22
android开发工程师,20
Android驱动工程师,18
Android软件开发工程师,15
Android应用开发工程师,15
Android系统工程师,13
Android研发工程师,11
Android安卓开发工程师,10
Android系统开发工程师,9
android工程师,7
资深Android开发工程师,5
Android 软件工程师,5
Android开发,5
Android驱动开发工程师,5
Android架构师,4
android 开发工程师,4
Android高级软件工程师,4
Android/安卓开发工程师,4
Android应用软件工程师,4
cocos2d-x ios/android sdk工程师,3
Senior Android Developer,3
Android软件开发,3
android高级开发工程师,3
Android 工程师,3
Android 应用开发工程师,3
高级Android系统工程师,3
资深Android工程师,3
高级Android工程师,3
Android底层开发工程师,3
Android开发工程师/安卓开发工程师,3
安卓Android开发工程师,3
Android,3
Android中级开发工程师,3
Android应用工程师,2
Android中级软件工程师,2
Android App开发工程师,2
android高级工程师,2
Android/iOS开发工程师,2
Android资深工程师,2
android研发工程师,2
Android APP工程师,2
Android程序员,2
Android开发工程师（中高级）,2
Android 研发工程师,2
初中级Android开发工程师,2
Android Framework开发工程师,2
Android 高级开发工程师,2
Android ROM开发工程师,2
android驱动软件工程师,2
android安卓工程师,2
Android应用软件开发工程师,2
Android软件测试工程师,2
Android app开发工程师,2
Android App 开发工程师,2
高级Android应用工程师,2
中级Android工程师,2
高级安卓Android开发工程师,2
Android SDK开发工程师,2
Android移动开发工程师,2
Android Framework工程师,2
Android高级开发,2
高级android工程师,2
Android（安卓）开发工程师,2
安卓应用开发工程师,1
pad Android开发工程师,1
Android平台应用软件工程师,1
Android开发工程师(J12029),1
Android、Xposed,1
高级开发工程师（Android开发）YF,1
Android开发工程师（派驻宝马）,1
android系统工程师,1
Android开发工程师 (实习),1
Android开发工程师（中级）,1
安卓（Android）高级开发工程师,1
Android开发工程师（天天基金）,1
Android初中级开发工程师,1
Android Android开发工程师  Android高级开发工程师,1
android 软件工程师,1
Android开发维护工程师,1
SNG08-社交平台Android开发工程师（上海）,1
Android player developer,1
android系统软件工程师,1
高级Linux或android系统工程师,1
Android　APP开发工程师,1
Android/IOS渠道推广,1
Java和android工程师,1
Android Framework开发工程师(电气公司),1
中高级android开发工程师,1
Android开发工程师  （定位运营监控）,1
资深Android系统研发专家,1
Android开发工程师 （浦东）,1
Android 中级工程师,1
安卓Android、苹果IOS APP开发工程师,1
应用软件开发工程师（android应用开发+设计师）,1
IOS/Android开发工程师,1
手机应用程序开发(android/ ios),1
安卓工程师（Android）,1
安卓开发工程师 (Android),1
Android平台APP开发工程师,1
APP (Android) 开发工程师,1
Android系统驱动工程师,1
Android软件工程师（物流+金融）6000-13000（2人）,1
Android开发工程师 (MJ000972),1
IOS/Android 开发工程师,1
Android开发工程师（无锡）,1
Sr. Android Engineer for HKJC,1
Android开发工程师（JR1hj）,1
android系统开发工程师,1
助理开发工程师（Android）,1
ANDROID/APK客户端开发工程师,1
软件开发工程师-Android开发,1
Android开发人员,1
Android开发工程师（ERP）,1
经执委-资深Android开发工程师,1
手机软件开发工程师（android/ios）,1
ANDROID开发工程师,1
Android 手机客户端开发工程师,1
Android手机系统开发工程师,1
Android开发工程师（驱动方向）,1
"移动开发工程师(android,ios)",1
中级Android开发工程师（徐汇区）,1
Android开发工程师（出差）,1
Android安卓工程师,1
android软件工程师,1
搜狗输入法-Android高级开发工程师,1
Java开发(Android方向),1
Android 高级开发工程师（非外包公司）,1
Android-实习,1
Android开发工程师（周末双休）,1
Android开发 华为外包,1
SU-Android系统软件工程师(J10938),1
android 高级开发工程师,1
Android技术支持工程师,1
Android 网游SDK开发工程师,1
高级Android发工程师,1
中高级android软件工程师,1
资深安卓Android工程师,1
Android开发工程师（双休+五险一金）,1
Android应用开发,1
嵌入式系统(Android/Linux)软件工程师,1
Android开发/安卓开发,1
安卓(Android)高级软件开发工程师,1
Android资深开发工程师,1
商业产品事业部-Android研发工程师,1
Android开发工程师（百胜集团）,1
Android产品设计工程师,1
Android开发工程师+万胜围+五险一金,1
Android 应用高级开发工程师,1
穿戴产品线Android开发工程师,1
Android 安卓  软件开发工程师,1
Android驱动开发,1
android初中级,1
APP开发工程师 Android,1
高薪诚聘Android 程序员,1
㊣㊣㊣ Android 安桌 开发工程师 ㊣㊣㊣,1
Android 安卓应用开发工程师,1
Android软件资深工程师,1
Android测试工程师,1
初级Java/Android移动开发助理（人才储备）,1
Android开发工程师+五险一金,1
初级Android开发工程师,1
android安全工程师,1
Android研发工程师(中级）,1
Android开发工程师（16号线滴水湖站）,1
Android应用分析师（初级）,1
手机APP（Android 或 IOS）工程师,1
高级Android软件工程师,1
Android高级开发工程师（08）,1
Android高级客户端开发（IM方向）,1
Android技术开发,1
Android应用开发技术专家,1
Android开发工程师 - APP,1
Android Development,1
初级程序员（Java、Android、WEB、PHP）,1
android开发/安卓开发工程师(双休+奖金),1
Android系统优化工程师,1
安卓android工程师,1
Android工程师Android工程师,1
Android Graphic工程师,1
高级Android系统优化工程师,1
Android安卓开发工程师-集团公司核心业务,1
高级安卓工程师(Android),1
Android系统应用开发工程师,1
Android视频系统工程师,1
Android Wear Product Marketing Analyst,1
Android游戏开发,1
Android应用开发工程师（区块链产品）,1
手机android和ios APP维护开发主管,1
Android前端开发岗,1
Android技术经理（北京知名上市公司）,1
Android工程师  松江茸平路,1
Android程序开发（上海）,1
Android开发工程师(急聘),1
Android开发大神,1
安卓/Android高级软件工程师,1
初级Android 开发工程师,1
Android开发工程师----OMG(腾讯视频),1
Android安全渗透工程师,1
安卓（Android）软件工程师,1
Android AI应用开发工程师,1
android 开发实习生,1
Android中级工程师,1
软件工程师（Android),1
App开发工程师（Android/IOS）,1
资深Android前端开发工程师,1
Android Rom开发工程师（代招聘）,1
Android逆向开发实习生,1
Android高级开发工程师(合肥),1
創新中心 高級 Android App 开发工程师,1
Android App 工程师,1
Android 高级工程师,1
Android开发工程师（互联网/汽车）,1
Android APP开发高级工程师,1
Android & IOS双精开发工程师,1
高级Android开发工程师（短视频研发）,1
Android底层软件,1
Android技术经理,1
Android Software Engineer,1
Android开发设计工程师,1
Android软件工程师-应用开发,1
Android（底层）研发工程师,1
Android   IOS  高级开发工程师,1
Android/Ios程序員,1
Android 逆向应用、逆向后插件开发工程师,1
软件开发工程师（基于Android的测试软件开发）,1
Android/IOS实习生,1
Android 开发工程师（有经验的）,1
Android OS驱动开发工程师,1
Android驱动开发工程师（深圳）,1
Android Framework Engineer,1
Android高级开发工程师-L,1
Android开发主管,1
Android开发工程师（App）,1
Android App移动应用软件开发工程师,1
Android 系统工程师,1
Android工程师-顺风车(J170609015),1
Android/Linux软件驱动工程师（BSP/Uboot）J10921,1
Android Developer ID20169,1
金融/烟草项目+Android/java软件开发学徒,1
Android安卓开发实习,1
Android开发（双休+地铁旁）,1
Android智能系统测试工程师,1
高薪急聘Mobile  App工程师：iOS / Android Developer,1
Android开发工程师-DZ,1
Android/ios开发工程师,1
Senior/Staff Android Telephony Software Engineer,1
Android高级开发工程师-00030,1
移动应用讲师：Android，iOS,1
Android开发工程师(高级),1
Android开发工程师（FT）,1
Android自动化测试,1
android驱动工程师/linux驱动工程师（智能手机）,1
IOS&Android开发,1
Android开发工程师/安卓软件工程师(周末双休),1
cocos2d-x ios/android sdk工程师(by),1
Android开发架构师,1
ST60-FAE应用工程师(android),1
Android应用高级工程师,1
Android开发储备工程师/储备干部,1
Android Framework,1
前端应用开发工程师（Android）,1
游戏开发工程师（Android）,1
Android开发工程师—移互创新部,1
安卓/Android工程师,1
Android 车载软件工程师,1
APP技术工程师(android 、ios),1
IOS/Android开发岗,1
Android系统架构师,1
安卓Android开发工程师（CBD地铁口+双休）,1
APP开发工程师(Android）,1
android/ios开发,1
Android开发工程师/Android软件工程师,1
Android中/高级开发工程师,1
SD技术工程师/Android开发工程师,1
Android开发工程师（海外）,1
安卓Android/IOS软件开发工程师,1
Android高级研发工程师,1
Android软件工程师 /安卓软件工程师,1
Android高级开发工程师(328),1
android开发工程师（偏底层）,1
O2O-Android开发,1
Android framework开发工程师,1
初级Android研发工程师/包住,1
移动应用软件开发工程师（Android、IOS）,1
Android系统工程师（急招）,1
Android开发实习生（面向2019届毕业生）,1
android音频开发工程师,1
Android开发工程师（应届）,1
Android高级,1
Android硬件工程师,1
Android游戏SDK工程师,1
Android开发工程师（移卓）,1
Android开发（中级）,1
Android Development Lead,1
Android系统工程师-北京,1
高级Android移动开发工程师,1
Android工程师（研发中心：APP）,1
Android安卓应用开发工程师,1
Android软件工程师（沈阳地区）,1
軟件開發工程師 (iOS/Android),1
Android工程师-深圳-00797,1
Android开发工程师（逆向开发）,1
android开发人员,1
H5/Android 开发工程师,1
android系统开发工程师（中间件）,1
Android助理工程师,1
Android开发软件工程师,1
高级Android手机应用软件工程师,1
android开发高级工程师/安卓开发高级工程师,1
[区块链]Android开发工程师（sdk方向）,1
android开发工程师（外派）,1
客户端开发工程师(IOS和Android),1
iOS/Android APP开发工程师,1
Android开发工程师（上海）,1
安卓 Android 开发工程师,1
Android开发工程师（周末双休，高薪诚聘）,1
Android原生开发工程师,1
手机游戏平台Android/iOS开发助理（包住）,1
资深/高级Android开发工程师,1
Android/IOS前端开发,1
Android 程序员,1
安卓 Android开发工程师,1
IOS/Android程序工程师,1
Android内核驱动工程师,1
Android开发助理,1
日企IOS/ Android开发工程师(编号97874),1
android app开发,1
Android开发工程师（海词人才培养计划）,1
手机软件开发工程师ios/android,1
软件工程师-Android,1
APP开发工程师（Android/IOS）,1
中高级Android 系统开发工程师,1
Android组长,1
Android开发工程师（中/高级）,1
Android开发工程师/安卓开发工程师（双休）,1
Android开发工程师.智能家居产品,1
sdk开发工程师 (ios/android  ),1
Android工程师(SDK),1
高级前端工程师（iOS+Android）,1
Android 音频系统软件工程师,1
高级Android开发工程师 （研发技术经理）,1
Android客户端工程师Android engineers（上海）,1
软件工程师（android）,1
全球领先信息技术Software Engineer-Android,1
软件工程师（Android方向）,1
手机软件研发（android/ios端）,1
Android移动端开发专员,1
安卓/Android开发工程师,1
高级android开发工程师,1
手机Android软件工程师,1
Android Framework工程师(J11238),1
安卓开发工程师（Android）,1
Android开发工程师（昌平）,1
Android开发工程师（Blue Tooth）,1
央企金融投资公司 IOS/Android 开发工程师,1
Android软件工程师（高级/资深）,1
Android/IOS APP 软件开发工程师,1
Android 软件工程师（RD116）,1
Android安卓开发,1
Android逆向工程师,1
android高级工程师（亿程研究院）,1
Android开发工程师(实习生),1
Android开发工程师(包住宿),1
高级安卓开发工程师（Android）,1
Android/Iphone App工程师,1
android安卓 app开发工程师,1
java工程师 （android方向）,1
Android Rom开发工程师,1
软件工程师（Android App）,1
Android/iOS高级工程师-支付创新发展部,1
Android应用开发工程师（大屏事业部）,1
Android工程师（南海桂城）,1
Android软件工程师——基础研发部,1
Android开发工程师（五险）,1
Android系统工程（伴享科技）,1
Android APP 初级工程师,1
Android软件系统资深架构师-上海,1
高级Android驱动工程师 （高通平台）,1
Android客户端开发工程师,1
前端java/android开发工程师,1
Android APP开发工程师,1
移动端开发工程师(iOS/Android SDK),1
ANDROID底层驱动开发工程师,1
unity/Android,1
Android研发程序员,1
Android开发工程师（双休/社保）,1
Android高级工程师,1
高级开发工程师（ios/android）,1
Android /安卓开发工程师,1
Android实训项目经理,1
android车载应用工程师,1
APP安全开发工程师 ( Android）,1
android手机软件测试工程师,1
Android 系统开发工程师,1
Android/安卓工程师,1
Android 开发 （区块链，数字钱包，加密货币）,1
Android开发工程师(总部）,1
Android系统框架工程师,1
Android开发工程师 （应届）,1
诚聘Android/Ios工程师,1
安卓开发/android 工程师/移动应用,1
Android开发工程师 （创新研发中心）,1
android开发工程师（TX）,1
android手机开发人员,1
Android开发工程师（实习生）,1
Android开发工程师（本科）,1
Android开发工程师（外派）,1
Linux /Android驱动工程师,1
Android HTML5软件开发工程师,1
前端android应用工程师,1
Android开发工程师（react）,1
Android开发工程师-IM社交方向,1
软件开发工程师（Android）,1
Android开发经理,1
Android开发工程师-CPXT-3,1
android软件开发工程师,1
IOS&Android开发工程师,1
安卓(Android)开发工程师Q7532,1
Android开发工程师（生鲜电商）,1
高级Android 工程师,1
上海瓶钵- Android/iOS开发工程师,1
Android高级开发工程师一厦门,1
Android/安卓 软件开发工程师,1
android 系统工程师,1
Android开发工程师/安卓开发,1
android APP开发工程师,1
高级Android软件开发工程师,1
android Framework工程师,1
嵌入式Android工程师,1
Android安卓开发工程师（网络营销部）,1
安卓软件工程师/Android软件工程师,1
软件工程师 Software Engineer-HMI(Android),1
Android开发工程师，软件研发工程师,1
机器人Android开发工程师,1
Linux/Android驱动开发工程师,1
Android驱动/系统工程师,1
Sony索尼-Android多媒体开发工程师,1
Android开发工程师(显示),1
Android/Linux系统工程师,1
前端开发中高级工程师 （Java或Android或ios）,1
Android（安卓）高级开发工程师,1
资深Android 开发工程师（车联网方向）,1
Android/iOS工程师,1
Windows\Android系统等软件工程师 经理（全职或***）,1
Android底层开发工程师（上海）,1
Android开发工程师（应用系统部,1
Android/iOS高级开发工程师,1
Android开发工程师--智能硬件技术中心,1
"Engineer, Android Software Developer 工程师，安卓软件开发",1
Android开发工程师-玩乐事业部J12314,1
资深 Android 工程师--平台事业部J12615,1
黄金娇-Android工程师0799,1
android开发工程师(3478),1
资深Android开发工程师（深圳）,1
新媒体事业群-Android研发专家,1
Android Developer - IC 安卓开发 - 信息娱乐及智能通讯,1
Android开发工程师(004033),1
移动客户端开发-Android,1
在线产品研发部--Android开发,1
Android开发工程师（底层）,1
Android App 测试工程师-DS,1
Android开发工程师（周末双休+五险）,1
Android SDK开发,1
安卓开发工程师/Android开发,1
智慧财经-Android开发工程师,1
android,1
iOS/Android Developer App开发,1
RD5-Android开发工程师,1
iOS/android开发工程师,1
软件工程师(安卓Android开发),1
中级Android研发工程师,1
高薪诚聘Android开发工程师,1
Android（或IOS）软件工程师,1
Android开发工程师（IT部）,1
Android开发工程师/大牛带队/婚礼猫,1
移动开发工程师（Android/IOS）,1
资深Android系统工程师,1
Android安全工程师,1
安卓开发工程师/Android开发工程师,1
Android  APP开发工程师,1
嵌入式Android开发人员,1
Android安全开发工程师,1
Android开发师,1
Android/IOS开发工程师,1
网络金融部Android测试工程师,1
高级Android开发工程师-北京-00284,1
5险1金+双休+Android底层工程师,1
Android软件工程师/安卓工程师,1
上海android高级开发工程师,1
急聘Android高级开发工程师,1
资深Android软件工程师,1
Android MMI工程师/软件工程师,1
安卓android开发工程师,1
安卓Android  开发工程师,1
Android开发（2018校招）,1
android开发工程师（android软件工程师、安卓工程师）,1
Android底层驱动开发,1
Android/安卓APP开发工程师（P2P金融）,1
Android Application Engineer(163176),1
移动开发工程师-Android,1
安卓/Android开发工程师（互联网公司）,1
高级Android开发工程师(外派中国外汇),1
Android/安卓开发工程师 （可招优秀实习生）,1
Android视频开发工程师,1
Android framework架构师,1
（校招/实习生）粉笔科技Android 开发工程师,1
Android/iOS SDK(高薪诚聘）,1
Android开发高级工程师,1
Android框架开发工程师,1
android应用中高级开发人员,1
IOS与Android开发工程师,1
Android方向架构师,1
Android功能测试工程师,1
Android手机驱动工程师（平台方向）,1
高薪诚聘  Android开发工程师（环境好待遇高）,1
Android 高级软件工程师,1
高级安卓（Android）开发工程师,1
android开发工程师/android工程师,1
实习生（Android手机应用开发）,1
Android高级开发工程师/IOS高级开发工程师,1
cocos2d-x ios/android sdk游戏程序员,1
android 软件开发,1
Android开发工程师（2018应届）,1
